{
    "build": {
      "core": "stm32",
      "cpu": "cortex-m4",
      "extra_flags": "-DSTM32F302xC",
      "f_cpu": "32000000L",
      "mcu": "stm32f302rc",
      "product_line": "STM32F302xC",
      "variant": "STM32F3xx/F302R(B-C-D-E)T"
    },
    "debug": {
      "default_tools": [
        "stlink"
      ],
      "jlink_device": "STM32F302RE",
      "openocd_target": "stm32f3x",
      "svd_path": "STM32F302x.svd"
    },
    "frameworks": [
      "arduino",
      "cmsis",
      "mbed",
      "stm32cube",
      "libopencm3",
      "zephyr"
    ],
    "name": "ST Nucleo F302RE (40k RAM. 256k Flash)",
    "upload": {
      "maximum_ram_size": 32768,
      "maximum_size": 262144,
      "protocol": "stlink",
      "protocols": [
        "jlink",
        "cmsis-dap",
        "stlink",
        "blackmagic",
        "mbed"
      ]
    },
    "url": "https://www.st.com/en/microcontrollers-microprocessors/stm32f302.html",
    "vendor": "ST"
  }